date,name
2024-02-22,Alice
2024-02-27,Emma
2024-02-21,Lucas
2024-03-12,Jacob
2024-03-14,Alice
2024-03-14,Liam
2024-03-14,Lucas
2024-03-12,Emma
2024-02-21,Mello
2024-02-29,Mello
2024-02-29,Alice
2024-03-21,Emma
2024-02-21,Bob
2024-02-21,Ethan
2024-02-21,Liam
2024-02-21,Alice
2024-02-13,Alice
2024-02-13,Ethan
2024-03-14,Ethan
2024-03-07,Alice
2024-03-07,Charlie
2024-04-18,Alice
2024-03-13,Alice
2024-03-13,Bob
2024-02-26,Alice
2024-02-26,Bob
2024-02-26,Charlie
2024-02-27,Elijah
2024-02-27,Lucas
2024-02-27,Mason
2024-02-27,Logan
2024-02-28,Alice
